impact_energy_J,delam_area_mm2,CAI_strength_MPa,data_type
0.0,0.0,458.9,synthetic
0.0,0.0,456.5,synthetic
0.0,0.0,442.0,synthetic
0.0,0.0,452.8,synthetic
3.0,0.0,451.4,synthetic
3.0,0.0,452.6,synthetic
3.0,0.0,460.5,synthetic
3.0,0.0,452.7,synthetic
6.0,25.0,434.6,synthetic
6.0,22.9,429.2,synthetic
6.0,27.2,428.0,synthetic
6.0,26.9,432.3,synthetic
9.0,100.7,350.5,synthetic
9.0,111.3,357.3,synthetic
9.0,104.7,359.7,synthetic
9.0,91.4,366.5,synthetic
12.0,181.5,319.0,synthetic
12.0,158.2,351.9,synthetic
12.0,190.4,307.7,synthetic
12.0,174.1,337.5,synthetic
16.0,269.9,266.4,synthetic
16.0,256.3,287.3,synthetic
16.0,308.6,276.5,synthetic
16.0,270.8,293.3,synthetic
20.0,358.9,269.9,synthetic
20.0,361.8,270.2,synthetic
20.0,395.0,249.3,synthetic
20.0,388.7,249.2,synthetic
25.0,520.6,243.6,synthetic
25.0,521.5,230.9,synthetic
25.0,607.1,209.0,synthetic
25.0,479.7,225.2,synthetic
30.0,593.0,214.6,synthetic
30.0,574.1,233.4,synthetic
30.0,663.5,221.6,synthetic
30.0,695.6,226.1,synthetic
40.0,865.0,205.2,synthetic
40.0,801.5,214.4,synthetic
40.0,802.9,220.0,synthetic
40.0,931.9,204.7,synthetic
